{
    "shape": {
        "nInputs": 2,
        "nHidden": 20,
        "nOutputs": 3
    },
    "weights": [
        [
            [1.485744983219413, -0.16658476414356882], 
            [0.13387164163902954, 0.2506992660911549]
        ], 
        [
            [-0.5026747947632456, -0.09840216249299316, 0.6722545327957024], 
            [-0.03704253124764856, 1.0020297462005954, -0.2064998480711311]
        ]
    ],
    "training": {
        "params": {
            "maxIterations":  100000,
            "learningRate": 0.3,
            "errorThreshold": 0.001
        },
        "data": {
            "booleanOperators": ["xor", "and", "or"]
        }
    },
    "trainNetwork": false
}
